id_venda,id_produto,id_cliente,data_venda,quantidade,valor_total
1,1,1,2023-10-01,2,7000.0
2,10,48,2024-07-24,5,3567.95
3,12,56,2024-04-29,2,541.1
4,3,20,2024-12-01,3,2490.48
5,4,58,2025-01-15,3,2805.06
6,4,52,2024-08-08,2,1870.04
7,5,19,2024-08-07,2,330.96
8,10,16,2024-06-28,2,1427.18
9,15,32,2024-05-27,2,1629.86
10,20,11,2024-09-29,4,1515.4
11,2,30,2024-05-12,3,620.22
12,2,58,2024-04-16,1,206.74
13,6,1,2024-04-24,4,1613.28
14,1,49,2024-10-16,3,10500.0
15,7,44,2024-05-08,5,2444.05
16,20,41,2024-10-01,3,1136.55
17,14,9,2024-09-22,5,2761.45
18,13,48,2025-02-17,3,2586.03
19,9,37,2025-03-09,4,1039.44
20,16,24,2024-10-12,2,199.26
21,2,55,2024-11-04,2,413.48
22,11,44,2025-01-09,4,3805.4
23,17,42,2024-08-28,3,837.84
24,13,6,2024-12-07,5,4310.05
25,1,54,2024-08-02,4,14000.0
26,9,41,2025-02-20,4,1039.44
27,8,30,2025-01-17,4,2975.48
28,7,38,2024-05-13,4,1955.24
29,9,8,2024-11-28,1,259.86
30,14,14,2024-03-26,2,1104.58
31,18,26,2025-02-19,3,1027.77
32,11,54,2024-05-19,3,2854.05
33,5,15,2025-01-17,2,330.96
34,15,59,2024-07-20,3,2444.79
35,2,40,2024-06-25,3,620.22
36,17,6,2024-04-02,4,1117.12
37,12,8,2024-12-17,2,541.1
38,6,60,2024-07-28,4,1613.28
39,1,28,2025-01-07,1,3500.0
40,18,5,2024-08-01,5,1712.95
41,13,23,2024-11-17,1,862.01
42,7,13,2025-02-10,1,488.81
43,7,24,2024-06-05,2,977.62
44,20,60,2024-03-30,2,757.7
45,20,50,2024-05-27,3,1136.55
46,19,20,2024-09-29,2,121.04
47,8,10,2024-08-05,1,743.87
48,15,14,2024-12-21,5,4074.65
49,11,37,2024-08-08,2,1902.7
50,13,48,2024-06-25,3,2586.03
51,20,42,2025-02-16,2,757.7
52,6,48,2024-08-23,3,1209.96
53,7,55,2025-01-25,5,2444.05
54,8,40,2024-08-15,1,743.87
55,11,24,2025-01-14,5,4756.75
56,13,56,2024-06-14,4,3448.04
57,2,45,2024-11-09,2,413.48
58,15,11,2025-01-25,3,2444.79
59,16,17,2024-06-25,4,398.52
60,13,6,2024-06-04,1,862.01
61,13,45,2024-12-26,1,862.01
62,10,9,2025-03-09,4,2854.36
63,17,1,2024-03-27,4,1117.12
64,9,50,2024-08-18,1,259.86
65,16,22,2025-01-28,5,498.15
66,5,34,2024-08-30,5,827.4
67,9,24,2024-05-08,2,519.72
68,6,2,2024-11-30,4,1613.28
69,15,17,2025-01-22,5,4074.65
70,13,60,2024-11-08,3,2586.03
71,3,47,2024-04-29,1,830.16
72,20,32,2024-06-03,1,378.85
73,12,43,2024-09-27,5,1352.75
74,6,29,2024-11-11,1,403.32
75,15,60,2024-11-06,4,3259.72
76,12,11,2024-10-02,1,270.55
77,12,17,2024-11-02,2,541.1
78,15,1,2024-08-14,5,4074.65
79,7,12,2024-07-07,2,977.62
80,6,19,2024-10-09,1,403.32
81,18,50,2024-05-29,5,1712.95
82,17,15,2025-03-05,1,279.28
83,4,35,2025-01-16,5,4675.1
84,10,44,2024-08-06,5,3567.95
85,6,14,2024-10-30,1,403.32
86,19,41,2024-12-30,1,60.52
87,3,42,2024-11-30,3,2490.48
88,17,13,2024-07-18,3,837.84
89,19,32,2024-11-06,5,302.6
90,5,30,2024-08-07,5,827.4
91,7,14,2025-02-08,4,1955.24
92,16,15,2024-08-26,1,99.63
93,6,20,2024-06-12,4,1613.28
94,17,13,2025-03-11,2,558.56
95,16,51,2024-07-19,3,298.89
96,9,46,2024-09-24,4,1039.44
97,2,21,2024-05-05,1,206.74
98,12,9,2024-11-06,1,270.55
99,15,39,2024-06-29,5,4074.65
100,11,53,2024-05-09,3,2854.05
101,1,44,2024-09-29,1,3500.0
102,11,26,2024-12-31,4,3805.4
103,3,48,2024-11-26,2,1660.32
104,12,54,2024-11-18,5,1352.75
105,7,58,2024-06-06,1,488.81
106,5,33,2024-03-20,2,330.96
107,18,32,2025-02-23,5,1712.95
108,6,18,2025-02-27,5,2016.6
109,11,43,2024-06-29,2,1902.7
110,11,7,2025-01-31,3,2854.05
111,20,7,2024-04-18,4,1515.4
112,9,36,2024-11-28,4,1039.44
113,19,47,2024-06-28,1,60.52
114,17,37,2024-08-01,1,279.28
115,1,17,2024-06-21,3,10500.0
116,17,22,2024-08-19,5,1396.4
117,10,30,2024-12-21,2,1427.18
118,1,33,2025-02-06,4,14000.0
119,17,45,2024-12-22,5,1396.4
120,4,31,2025-02-17,3,2805.06
121,18,27,2024-07-20,3,1027.77
122,12,40,2024-09-24,2,541.1
123,10,12,2024-05-08,3,2140.77
124,13,51,2024-04-25,3,2586.03
125,5,11,2024-12-12,1,165.48
126,13,20,2024-05-22,3,2586.03
127,9,34,2024-07-06,1,259.86
128,14,54,2024-07-07,1,552.29
129,12,17,2024-12-21,5,1352.75
130,1,6,2025-01-09,4,14000.0
131,14,47,2025-03-09,5,2761.45
132,19,2,2024-06-07,4,242.08
133,4,37,2024-04-11,4,3740.08
134,3,26,2024-08-27,3,2490.48
135,16,47,2025-02-05,4,398.52
136,12,5,2024-06-28,1,270.55
137,9,3,2024-03-24,2,519.72
138,6,35,2024-09-20,4,1613.28
139,3,41,2024-03-19,3,2490.48
140,18,58,2025-02-27,3,1027.77
141,9,12,2024-12-11,3,779.58
142,8,13,2024-11-27,1,743.87
143,2,25,2024-04-09,2,413.48
144,9,29,2024-03-27,4,1039.44
145,7,20,2024-11-10,5,2444.05
146,6,29,2024-05-20,1,403.32
147,5,48,2024-06-17,3,496.44
148,14,38,2024-07-21,4,2209.16
149,12,45,2024-12-17,2,541.1
150,19,6,2024-06-05,3,181.56
151,14,36,2024-06-12,4,2209.16
152,18,52,2024-05-19,4,1370.36
153,19,3,2024-07-24,1,60.52
154,1,3,2024-11-19,3,10500.0
155,4,24,2024-12-03,5,4675.1
156,17,3,2024-10-28,2,558.56
157,11,15,2024-09-06,4,3805.4
158,18,9,2024-03-28,1,342.59
159,17,28,2024-06-27,4,1117.12
160,16,11,2024-08-28,1,99.63
161,10,44,2024-07-14,1,713.59
162,19,25,2024-06-26,4,242.08
163,16,29,2024-12-17,2,199.26
164,9,2,2024-08-13,2,519.72
165,2,19,2025-01-13,3,620.22
166,13,48,2024-04-27,4,3448.04
167,10,21,2025-01-07,5,3567.95
168,2,49,2024-04-15,5,1033.7
169,16,55,2024-05-25,1,99.63
170,20,53,2024-07-30,1,378.85
171,5,2,2024-04-01,1,165.48
172,11,42,2024-03-11,1,951.35
173,3,10,2024-08-31,1,830.16
174,5,43,2024-11-20,1,165.48
175,5,45,2024-08-28,3,496.44
176,6,39,2024-05-22,4,1613.28
177,4,8,2025-03-07,5,4675.1
178,19,35,2024-08-16,5,302.6
179,16,51,2024-05-27,3,298.89
180,3,30,2025-01-12,2,1660.32
181,8,41,2024-07-22,5,3719.35
182,13,16,2024-06-28,4,3448.04
183,5,39,2024-11-10,2,330.96
184,20,52,2024-12-27,2,757.7
185,11,11,2024-03-29,2,1902.7
186,12,58,2025-03-05,5,1352.75
187,2,1,2024-08-29,5,1033.7
188,14,5,2024-06-02,3,1656.87
189,8,32,2025-01-22,4,2975.48
190,6,9,2024-11-22,2,806.64
191,16,41,2025-02-17,4,398.52
192,5,35,2024-11-29,3,496.44
193,2,46,2025-03-11,1,206.74
194,7,20,2024-10-31,3,1466.43
195,20,4,2025-01-17,3,1136.55
196,4,21,2024-06-11,1,935.02
197,19,46,2024-03-22,4,242.08
198,17,14,2024-04-15,5,1396.4
199,17,28,2024-07-14,3,837.84
200,9,34,2024-11-23,1,259.86
201,15,23,2024-12-08,4,3259.72
202,20,33,2024-05-31,3,1136.55
203,17,28,2024-08-15,3,837.84
204,4,56,2024-07-24,3,2805.06
205,8,2,2024-09-12,1,743.87
206,17,39,2024-06-18,2,558.56
207,20,16,2024-05-08,2,757.7
208,9,24,2024-07-15,1,259.86
209,18,10,2025-01-04,3,1027.77
210,2,41,2024-12-25,4,826.96
211,1,56,2024-06-10,2,7000.0
212,17,10,2024-06-24,4,1117.12
213,3,46,2024-10-19,2,1660.32
214,19,44,2024-05-12,5,302.6
215,3,60,2024-09-05,4,3320.64
216,20,21,2024-07-28,2,757.7
217,4,39,2024-04-09,2,1870.04
218,10,38,2025-02-10,3,2140.77
219,8,47,2024-10-20,5,3719.35
220,14,2,2024-11-29,1,552.29
221,12,18,2024-06-24,2,541.1
222,17,27,2024-12-06,4,1117.12
223,2,59,2024-10-15,2,413.48
224,10,29,2025-02-06,1,713.59
225,12,35,2024-05-13,4,1082.2
226,11,35,2024-07-22,3,2854.05
227,12,54,2024-11-22,5,1352.75
228,2,22,2024-11-24,4,826.96
229,11,44,2024-04-27,1,951.35
230,18,22,2024-08-31,4,1370.36
231,9,24,2024-03-19,1,259.86
232,12,4,2024-12-16,4,1082.2
233,17,39,2024-04-09,2,558.56
234,15,51,2024-11-11,1,814.93
235,10,17,2025-02-10,3,2140.77
236,18,42,2024-10-11,2,685.18
237,7,27,2024-06-07,1,488.81
238,16,12,2024-06-06,5,498.15
239,14,19,2024-09-30,4,2209.16
240,14,34,2024-08-25,2,1104.58
241,12,35,2024-09-09,4,1082.2
242,20,39,2025-02-17,3,1136.55
243,8,54,2024-06-19,1,743.87
244,4,20,2024-10-02,3,2805.06
245,16,4,2024-05-22,5,498.15
246,7,17,2024-12-14,3,1466.43
247,18,25,2025-01-29,5,1712.95
248,18,54,2025-02-17,2,685.18
249,2,45,2024-03-28,1,206.74
250,13,18,2024-07-27,3,2586.03
251,15,20,2024-10-05,4,3259.72
252,4,34,2024-04-05,1,935.02
253,13,52,2024-12-10,2,1724.02
254,6,47,2024-04-08,2,806.64
255,13,32,2025-02-26,5,4310.05
256,16,41,2024-09-19,2,199.26
257,2,35,2025-03-07,4,826.96
258,4,16,2024-05-11,4,3740.08
259,9,56,2024-05-28,3,779.58
260,7,22,2024-10-11,5,2444.05
261,5,33,2024-08-02,4,661.92
262,12,7,2024-04-22,4,1082.2
263,16,34,2024-06-15,1,99.63
264,19,37,2024-12-12,4,242.08
265,6,1,2024-10-25,5,2016.6
266,16,50,2024-09-26,5,498.15
267,20,36,2024-06-30,2,757.7
268,2,8,2024-07-30,4,826.96
269,19,7,2024-11-28,3,181.56
270,6,50,2024-08-31,3,1209.96
271,4,24,2024-10-28,3,2805.06
272,3,40,2024-06-03,3,2490.48
273,18,38,2025-03-01,2,685.18
274,9,17,2024-04-11,5,1299.3
275,20,31,2024-12-07,4,1515.4
276,16,40,2024-09-28,5,498.15
277,13,56,2024-06-10,4,3448.04
278,2,24,2024-11-14,2,413.48
279,11,7,2024-05-12,2,1902.7
280,17,6,2024-03-19,4,1117.12
281,14,13,2024-04-16,1,552.29
282,7,2,2024-05-11,5,2444.05
283,3,37,2024-08-10,5,4150.8
284,13,37,2024-06-16,5,4310.05
285,18,6,2025-02-27,3,1027.77
286,18,4,2024-11-04,5,1712.95
287,5,11,2025-02-16,2,330.96
288,18,56,2024-11-16,5,1712.95
289,8,12,2024-08-10,1,743.87
290,8,53,2024-03-20,5,3719.35
291,14,5,2024-05-29,1,552.29
292,18,19,2024-11-23,5,1712.95
293,11,25,2024-12-07,2,1902.7
294,6,59,2024-11-17,2,806.64
295,12,41,2025-03-01,3,811.65
296,12,41,2024-10-15,4,1082.2
297,6,29,2025-01-17,5,2016.6
298,4,11,2025-03-10,3,2805.06
299,16,28,2024-09-13,1,99.63
300,8,49,2024-04-08,5,3719.35
301,19,15,2024-07-11,5,302.6
302,5,19,2024-11-14,1,165.48
303,1,10,2025-02-26,5,17500.0
304,3,52,2025-01-28,4,3320.64
305,17,53,2025-02-12,5,1396.4
306,8,30,2024-10-09,4,2975.48
307,7,42,2024-07-19,3,1466.43
308,7,20,2025-01-03,2,977.62
309,15,24,2024-10-28,3,2444.79
310,8,12,2024-06-18,2,1487.74
311,16,29,2024-04-19,3,298.89
312,7,57,2024-05-14,3,1466.43
313,14,23,2024-07-01,1,552.29
314,15,48,2025-01-10,4,3259.72
315,10,47,2025-03-01,4,2854.36
316,1,56,2024-04-04,5,17500.0
317,8,25,2024-12-07,2,1487.74
318,10,2,2025-02-14,4,2854.36
319,18,6,2024-12-14,2,685.18
320,13,55,2024-08-16,4,3448.04
321,8,51,2024-05-09,4,2975.48
322,11,25,2024-06-02,2,1902.7
323,11,59,2024-12-19,1,951.35
324,19,16,2024-12-31,3,181.56
325,14,40,2024-08-06,5,2761.45
326,7,39,2024-12-10,5,2444.05
327,8,6,2025-03-02,4,2975.48
328,1,56,2024-09-24,1,3500.0
329,11,24,2024-09-05,5,4756.75
330,4,12,2024-03-14,3,2805.06
331,6,19,2024-12-01,4,1613.28
332,9,14,2024-07-20,4,1039.44
333,5,12,2024-08-13,3,496.44
334,14,24,2025-02-11,5,2761.45
335,3,56,2025-01-12,2,1660.32
336,6,2,2024-03-24,3,1209.96
337,18,53,2025-01-07,3,1027.77
338,7,27,2024-12-14,3,1466.43
339,7,59,2024-04-05,3,1466.43
340,3,16,2024-08-05,1,830.16
341,9,9,2024-07-02,2,519.72
342,1,17,2024-07-19,5,17500.0
343,17,45,2024-08-19,4,1117.12
344,13,30,2025-02-25,3,2586.03
345,13,46,2025-01-10,4,3448.04
346,3,6,2024-06-09,1,830.16
347,1,25,2024-12-11,1,3500.0
348,11,49,2024-05-09,1,951.35
349,16,35,2024-07-12,5,498.15
350,15,23,2024-05-07,1,814.93
351,9,59,2024-12-19,2,519.72
352,1,25,2024-11-30,1,3500.0
353,9,8,2024-05-10,1,259.86
354,11,29,2025-02-17,3,2854.05
355,8,30,2024-09-12,2,1487.74
356,13,25,2024-11-05,5,4310.05
357,6,18,2024-12-01,5,2016.6
358,12,35,2024-08-16,1,270.55
359,11,17,2024-03-31,4,3805.4
360,11,2,2024-04-30,4,3805.4
361,4,58,2024-12-06,4,3740.08
362,17,11,2024-06-08,3,837.84
363,19,29,2024-09-28,4,242.08
364,13,59,2024-04-16,5,4310.05
365,4,30,2025-01-30,4,3740.08
366,20,28,2024-03-22,5,1894.25
367,17,43,2024-04-25,1,279.28
368,18,18,2024-10-10,2,685.18
369,5,34,2024-05-23,1,165.48
370,10,14,2025-01-22,3,2140.77
371,13,19,2024-10-12,3,2586.03
372,16,56,2024-03-29,4,398.52
373,1,42,2024-09-22,4,14000.0
374,9,58,2024-05-09,1,259.86
375,7,15,2024-05-12,2,977.62
376,19,60,2024-07-09,4,242.08
377,13,45,2024-05-02,4,3448.04
378,10,46,2024-07-04,4,2854.36
379,1,16,2024-04-12,3,10500.0
380,13,42,2025-01-26,4,3448.04
381,8,16,2024-04-24,3,2231.61
382,13,7,2024-05-02,2,1724.02
383,13,9,2024-07-19,3,2586.03
384,4,51,2024-09-22,5,4675.1
385,13,4,2025-03-07,4,3448.04
386,10,42,2024-09-17,3,2140.77
387,9,29,2024-05-08,1,259.86
388,1,20,2024-06-30,5,17500.0
389,19,27,2024-07-21,5,302.6
390,4,17,2024-04-05,1,935.02
391,9,41,2024-11-29,2,519.72
392,17,13,2024-11-17,3,837.84
393,17,15,2024-07-06,5,1396.4
394,7,28,2024-09-23,2,977.62
395,9,3,2024-09-23,5,1299.3
396,1,27,2024-10-02,2,7000.0
397,20,24,2024-06-28,2,757.7
398,1,46,2024-12-12,2,7000.0
399,20,48,2024-03-28,4,1515.4
400,16,15,2024-09-10,5,498.15
401,19,44,2024-07-20,2,121.04
402,13,16,2024-03-23,2,1724.02
403,15,15,2024-05-07,1,814.93
404,9,32,2024-07-29,3,779.58
405,15,59,2024-11-03,4,3259.72
406,15,53,2024-12-21,3,2444.79
407,17,12,2025-01-31,3,837.84
408,4,32,2024-09-20,2,1870.04
409,16,10,2024-10-07,4,398.52
410,13,9,2024-10-09,5,4310.05
411,13,29,2025-02-18,1,862.01
412,14,41,2025-02-11,2,1104.58
413,9,45,2024-09-06,5,1299.3
414,16,60,2025-03-08,1,99.63
415,7,5,2024-07-22,1,488.81
416,2,23,2025-01-27,1,206.74
417,1,16,2024-07-24,5,17500.0
418,1,33,2024-12-29,3,10500.0
419,1,31,2024-09-05,1,3500.0
420,9,43,2025-01-12,4,1039.44
421,16,37,2025-02-06,2,199.26
422,8,10,2024-07-02,2,1487.74
423,16,9,2024-12-20,3,298.89
424,19,2,2024-11-18,4,242.08
425,18,14,2024-09-22,3,1027.77
426,1,15,2024-03-12,2,7000.0
427,2,34,2024-10-03,3,620.22
428,15,49,2024-05-28,2,1629.86
429,4,8,2024-05-04,3,2805.06
430,18,15,2024-11-25,5,1712.95
431,18,8,2024-06-17,2,685.18
432,5,12,2024-06-20,4,661.92
433,8,56,2024-08-09,4,2975.48
434,13,17,2024-10-19,3,2586.03
435,16,40,2025-03-03,2,199.26
436,5,15,2024-04-11,4,661.92
437,7,40,2024-11-29,4,1955.24
438,14,23,2024-12-24,2,1104.58
439,3,31,2024-07-04,1,830.16
440,11,18,2024-03-21,3,2854.05
441,17,11,2024-07-12,1,279.28
442,13,8,2024-06-05,5,4310.05
443,10,33,2024-05-08,3,2140.77
444,2,30,2024-12-22,2,413.48
445,15,48,2024-06-30,1,814.93
446,3,24,2024-11-11,3,2490.48
447,7,3,2024-12-10,4,1955.24
448,6,3,2024-11-01,3,1209.96
449,15,57,2024-09-27,4,3259.72
450,2,45,2024-05-30,3,620.22
451,16,28,2024-12-14,3,298.89
452,14,22,2024-06-09,2,1104.58
453,5,43,2024-09-16,3,496.44
454,14,46,2024-06-28,2,1104.58
455,14,58,2024-09-17,4,2209.16
456,17,22,2024-05-04,1,279.28
457,16,9,2024-11-30,1,99.63
458,14,28,2024-05-18,1,552.29
459,7,53,2024-06-12,1,488.81
460,2,17,2024-12-25,5,1033.7
461,13,1,2024-08-29,4,3448.04
462,3,51,2024-07-16,3,2490.48
463,6,44,2024-04-08,2,806.64
464,10,59,2024-06-10,4,2854.36
465,17,51,2024-11-05,3,837.84
466,17,5,2024-11-01,2,558.56
467,11,35,2024-07-22,2,1902.7
468,4,52,2025-02-14,2,1870.04
469,4,8,2024-08-10,3,2805.06
470,20,44,2024-09-10,3,1136.55
471,14,29,2024-09-12,1,552.29
472,4,42,2024-12-18,2,1870.04
473,2,2,2024-06-10,4,826.96
474,6,42,2024-07-28,5,2016.6
475,7,60,2024-06-09,2,977.62
476,10,28,2024-09-05,3,2140.77
477,6,57,2024-07-16,2,806.64
478,11,27,2024-03-19,3,2854.05
479,17,52,2024-12-26,5,1396.4
480,16,55,2024-04-07,2,199.26
481,5,5,2024-08-03,3,496.44
482,2,19,2024-06-15,5,1033.7
483,10,13,2024-08-30,4,2854.36
484,14,50,2024-11-29,4,2209.16
485,3,60,2025-03-07,3,2490.48
486,11,33,2024-08-01,3,2854.05
487,12,30,2024-12-13,4,1082.2
488,9,22,2024-05-19,4,1039.44
489,6,53,2024-12-07,4,1613.28
490,1,41,2025-02-18,5,17500.0
491,19,29,2025-02-05,4,242.08
492,1,51,2024-04-16,1,3500.0
493,17,14,2024-05-27,1,279.28
494,1,3,2024-03-31,3,10500.0
495,10,51,2024-06-23,5,3567.95
496,6,44,2024-07-15,4,1613.28
497,1,47,2024-11-27,4,14000.0
498,5,27,2024-05-09,1,165.48
499,7,60,2025-01-17,3,1466.43
500,13,49,2024-07-06,3,2586.03
501,13,14,2025-01-31,3,2586.03
502,1,5,2024-05-31,4,14000.0
503,2,25,2025-03-05,1,206.74
504,1,43,2024-08-01,4,14000.0
505,12,34,2024-10-24,5,1352.75
506,15,51,2025-02-23,4,3259.72
507,10,11,2024-05-04,4,2854.36
508,3,14,2024-05-30,3,2490.48
509,2,33,2024-03-31,3,620.22
510,2,51,2024-12-14,2,413.48
511,16,47,2024-07-31,3,298.89
512,11,55,2024-08-28,5,4756.75
513,14,5,2024-08-31,3,1656.87
514,11,18,2025-02-18,2,1902.7
515,18,1,2024-09-26,2,685.18
516,1,23,2024-04-17,3,10500.0
517,6,3,2024-08-13,1,403.32
518,9,51,2025-02-07,1,259.86
519,17,10,2024-06-18,5,1396.4
520,11,17,2024-12-16,5,4756.75
521,8,18,2024-08-24,3,2231.61
522,13,19,2024-07-28,2,1724.02
523,14,51,2024-03-14,5,2761.45
524,7,20,2024-12-09,5,2444.05
525,13,22,2024-10-28,2,1724.02
526,8,47,2024-11-19,1,743.87
527,16,57,2024-04-04,2,199.26
528,9,35,2024-12-13,1,259.86
529,20,36,2024-12-27,5,1894.25
530,11,31,2025-02-10,1,951.35
531,8,59,2024-04-17,5,3719.35
532,4,14,2024-09-24,1,935.02
533,17,31,2024-09-28,1,279.28
534,9,24,2024-12-23,4,1039.44
535,13,10,2024-12-02,3,2586.03
536,12,59,2024-05-20,4,1082.2
537,12,19,2025-02-07,2,541.1
538,14,19,2024-12-12,5,2761.45
539,9,27,2024-06-19,2,519.72
540,5,41,2024-09-17,5,827.4
541,12,56,2024-04-10,4,1082.2
542,4,9,2024-07-21,3,2805.06
543,11,25,2024-04-05,2,1902.7
544,14,2,2024-09-23,2,1104.58
545,18,60,2024-12-21,4,1370.36
546,3,40,2025-02-08,5,4150.8
547,9,56,2025-02-12,1,259.86
548,12,49,2025-02-22,3,811.65
549,13,23,2024-09-03,3,2586.03
550,19,7,2024-05-19,3,181.56
551,7,60,2024-07-28,5,2444.05
552,2,26,2025-01-14,4,826.96
553,12,45,2024-12-24,4,1082.2
554,15,37,2024-09-30,3,2444.79
555,18,28,2024-09-18,3,1027.77
556,4,27,2024-07-18,4,3740.08
557,11,59,2024-05-03,3,2854.05
558,6,10,2025-01-03,1,403.32
559,12,52,2024-03-26,4,1082.2
560,5,35,2024-06-07,3,496.44
561,3,2,2024-04-24,2,1660.32
562,4,5,2024-12-07,1,935.02
563,10,35,2024-11-27,4,2854.36
564,11,18,2024-04-26,4,3805.4
565,13,17,2024-12-27,4,3448.04
566,12,20,2024-07-23,2,541.1
567,6,19,2024-08-22,4,1613.28
568,2,5,2025-01-23,1,206.74
569,15,31,2025-01-07,5,4074.65
570,6,9,2024-04-04,1,403.32
571,8,4,2024-12-04,5,3719.35
572,17,25,2025-03-03,1,279.28
573,17,12,2024-09-17,4,1117.12
574,5,59,2024-06-19,5,827.4
575,1,10,2024-12-04,2,7000.0
576,13,60,2024-05-07,1,862.01
577,7,5,2024-05-28,4,1955.24
578,8,22,2024-08-17,3,2231.61
579,15,34,2024-07-03,5,4074.65
580,14,23,2025-02-16,5,2761.45
581,18,39,2025-01-30,5,1712.95
582,1,6,2025-02-27,5,17500.0
583,19,59,2025-01-09,5,302.6
584,16,26,2024-05-30,3,298.89
585,3,13,2025-01-22,5,4150.8
586,6,33,2024-03-23,2,806.64
587,2,57,2024-06-01,1,206.74
588,6,9,2024-07-18,2,806.64
589,7,24,2024-10-29,1,488.81
590,19,20,2024-04-22,4,242.08
591,20,29,2024-09-21,4,1515.4
592,6,13,2024-12-27,5,2016.6
593,4,12,2024-04-15,4,3740.08
594,20,46,2024-10-18,4,1515.4
595,5,2,2024-04-01,3,496.44
596,19,47,2024-09-14,2,121.04
597,8,47,2024-08-19,3,2231.61
598,9,54,2025-03-04,1,259.86
599,15,49,2025-02-09,5,4074.65
600,18,30,2024-08-25,4,1370.36
601,10,50,2024-11-07,3,2140.77
602,8,12,2024-09-02,4,2975.48
603,1,14,2024-09-17,3,10500.0
604,10,50,2025-02-06,1,713.59
605,18,22,2024-11-01,5,1712.95
606,9,3,2025-01-21,5,1299.3
607,17,18,2024-10-03,4,1117.12
608,15,50,2024-07-14,3,2444.79
609,6,5,2024-11-18,2,806.64
610,6,10,2024-11-12,4,1613.28
611,1,38,2024-10-21,5,17500.0
612,19,2,2024-09-03,4,242.08
613,13,10,2024-11-15,3,2586.03
614,3,18,2024-08-04,1,830.16
615,18,59,2024-12-01,3,1027.77
616,2,45,2024-03-23,4,826.96
617,6,31,2024-06-04,5,2016.6
618,1,19,2024-11-24,5,17500.0
619,16,30,2024-11-03,4,398.52
620,18,8,2024-11-29,4,1370.36
621,1,52,2024-04-11,2,7000.0
622,10,43,2024-11-07,3,2140.77
623,20,24,2024-10-03,5,1894.25
624,4,9,2025-03-11,5,4675.1
625,11,7,2024-09-03,4,3805.4
626,6,55,2024-07-30,3,1209.96
627,18,49,2024-05-10,1,342.59
628,18,36,2024-10-21,2,685.18
629,11,12,2025-02-01,1,951.35
630,10,21,2024-03-13,5,3567.95
631,9,5,2024-07-24,2,519.72
632,19,54,2024-09-11,2,121.04
633,5,40,2025-03-07,1,165.48
634,5,48,2024-03-22,5,827.4
635,14,13,2024-08-28,4,2209.16
636,10,17,2024-11-26,5,3567.95
637,3,49,2024-09-17,2,1660.32
638,4,5,2024-11-19,2,1870.04
639,9,37,2024-04-22,5,1299.3
640,9,59,2024-04-01,1,259.86
641,1,10,2025-02-27,5,17500.0
642,4,55,2024-08-22,2,1870.04
643,8,55,2024-06-07,2,1487.74
644,11,2,2024-11-18,4,3805.4
645,5,12,2025-01-14,3,496.44
646,10,4,2024-11-04,2,1427.18
647,3,33,2024-09-06,4,3320.64
648,5,52,2024-12-13,5,827.4
649,5,26,2025-02-22,5,827.4
650,17,9,2024-06-20,2,558.56
651,10,60,2024-09-19,2,1427.18
652,12,59,2025-03-08,3,811.65
653,19,27,2024-08-13,1,60.52
654,1,8,2024-05-25,3,10500.0
655,9,31,2024-11-14,3,779.58
656,19,14,2024-05-28,5,302.6
657,19,1,2025-01-22,2,121.04
658,18,13,2024-07-21,1,342.59
659,6,27,2024-07-29,2,806.64
660,17,10,2024-06-01,5,1396.4
661,19,26,2025-03-10,3,181.56
662,4,57,2024-03-17,2,1870.04
663,15,6,2024-04-13,5,4074.65
664,18,14,2024-07-29,1,342.59
665,7,49,2024-04-16,5,2444.05
666,19,44,2024-03-13,2,121.04
667,1,37,2024-03-28,4,14000.0
668,7,40,2024-05-03,2,977.62
669,6,3,2024-03-18,3,1209.96
670,12,33,2025-03-05,4,1082.2
671,6,39,2024-04-23,5,2016.6
672,10,2,2025-02-10,1,713.59
673,19,35,2024-09-19,5,302.6
674,1,48,2024-05-01,2,7000.0
675,14,25,2025-03-05,4,2209.16
676,14,25,2025-02-24,1,552.29
677,15,50,2025-02-20,1,814.93
678,9,35,2025-01-29,5,1299.3
679,5,56,2024-09-29,2,330.96
680,19,42,2024-10-28,1,60.52
681,18,58,2025-01-02,1,342.59
682,1,38,2024-08-21,3,10500.0
683,6,40,2024-05-07,5,2016.6
684,3,50,2024-06-12,2,1660.32
685,11,56,2024-09-27,1,951.35
686,5,17,2024-12-01,2,330.96
687,18,8,2025-01-22,2,685.18
688,20,3,2024-12-26,4,1515.4
689,6,25,2025-01-03,3,1209.96
690,6,36,2024-05-07,4,1613.28
691,16,23,2025-02-22,4,398.52
692,12,26,2024-08-26,4,1082.2
693,12,7,2024-07-17,4,1082.2
694,10,28,2024-05-17,3,2140.77
695,18,24,2024-09-04,1,342.59
696,1,35,2024-10-17,1,3500.0
697,11,49,2024-05-27,3,2854.05
698,10,32,2025-02-07,4,2854.36
699,18,23,2024-03-19,1,342.59
700,16,40,2024-05-25,4,398.52
701,11,5,2025-02-24,1,951.35
702,7,43,2024-06-13,5,2444.05
703,20,19,2024-12-15,3,1136.55
704,11,48,2025-01-07,4,3805.4
705,9,41,2024-03-11,3,779.58
706,1,4,2024-10-12,3,10500.0
707,14,50,2024-09-21,1,552.29
708,8,1,2024-12-31,1,743.87
709,17,30,2024-06-04,3,837.84
710,9,54,2024-06-15,4,1039.44
711,6,34,2025-02-04,4,1613.28
712,13,15,2024-11-01,2,1724.02
713,16,22,2024-07-16,2,199.26
714,18,3,2024-03-21,2,685.18
715,8,37,2024-07-21,4,2975.48
716,1,58,2024-09-02,3,10500.0
717,16,53,2024-07-15,1,99.63
718,19,30,2025-01-06,3,181.56
719,11,45,2024-08-20,3,2854.05
720,10,3,2024-10-06,2,1427.18
721,18,22,2024-06-03,3,1027.77
722,8,3,2024-10-24,1,743.87
723,6,42,2024-08-14,1,403.32
724,1,24,2024-03-12,5,17500.0
725,9,2,2024-05-13,1,259.86
726,5,12,2025-03-08,2,330.96
727,7,25,2024-04-07,2,977.62
728,10,57,2024-09-21,1,713.59
729,8,33,2024-04-13,2,1487.74
730,7,8,2024-09-07,5,2444.05
731,15,8,2025-02-18,5,4074.65
732,6,17,2024-07-22,2,806.64
733,7,3,2024-11-13,2,977.62
734,5,53,2024-09-30,2,330.96
735,19,22,2025-01-23,2,121.04
736,5,41,2024-11-20,1,165.48
737,19,44,2024-07-12,1,60.52
738,11,43,2025-02-09,4,3805.4
739,14,5,2024-09-15,1,552.29
740,1,42,2024-09-06,5,17500.0
741,5,43,2025-03-09,2,330.96
742,18,21,2025-02-27,4,1370.36
743,4,26,2024-08-24,3,2805.06
744,11,41,2024-11-02,5,4756.75
745,14,34,2025-03-06,2,1104.58
746,16,43,2024-05-25,3,298.89
747,2,30,2025-02-28,3,620.22
748,10,33,2025-01-22,4,2854.36
749,19,54,2024-04-05,1,60.52
750,1,26,2025-02-03,1,3500.0
751,13,29,2025-01-11,5,4310.05
752,8,56,2024-11-02,4,2975.48
753,17,6,2024-05-28,5,1396.4
754,10,42,2024-07-21,2,1427.18
755,11,24,2024-04-23,2,1902.7
756,6,17,2024-04-05,4,1613.28
757,4,4,2024-11-18,2,1870.04
758,16,23,2024-06-13,3,298.89
759,13,28,2024-09-17,1,862.01
760,15,48,2024-09-24,2,1629.86
761,15,12,2024-11-19,5,4074.65
762,11,3,2024-09-19,3,2854.05
763,20,24,2024-08-10,3,1136.55
764,18,46,2024-07-06,5,1712.95
765,4,12,2025-03-11,4,3740.08
766,5,46,2024-06-02,5,827.4
767,3,7,2024-11-13,2,1660.32
768,9,20,2024-10-19,3,779.58
769,4,19,2024-04-11,2,1870.04
770,2,9,2024-03-31,5,1033.7
771,17,27,2024-09-27,5,1396.4
772,16,10,2024-10-08,2,199.26
773,7,30,2024-12-08,3,1466.43
774,10,26,2024-04-03,2,1427.18
775,2,58,2024-11-22,5,1033.7
776,17,27,2024-06-10,3,837.84
777,16,15,2024-07-24,3,298.89
778,8,13,2024-04-02,2,1487.74
779,1,56,2024-07-17,4,14000.0
780,19,28,2025-03-05,2,121.04
781,20,22,2024-06-05,2,757.7
782,12,34,2025-02-22,5,1352.75
783,13,13,2024-04-18,3,2586.03
784,15,25,2024-03-29,4,3259.72
785,5,41,2024-05-03,1,165.48
786,20,26,2024-10-21,1,378.85
787,4,47,2024-06-11,4,3740.08
788,18,25,2024-04-12,2,685.18
789,2,12,2024-07-23,3,620.22
790,1,11,2024-07-28,2,7000.0
791,16,40,2024-07-12,2,199.26
792,1,15,2024-04-13,3,10500.0
793,14,53,2024-05-29,2,1104.58
794,4,20,2025-01-18,2,1870.04
795,4,31,2024-04-28,4,3740.08
796,11,50,2024-10-02,2,1902.7
797,9,39,2025-03-04,3,779.58
798,19,29,2024-12-21,5,302.6
799,20,21,2025-01-07,3,1136.55
800,3,28,2024-04-01,1,830.16
801,10,47,2024-11-07,4,2854.36
802,5,56,2024-03-30,4,661.92
803,7,28,2025-03-05,4,1955.24
804,4,28,2025-02-15,2,1870.04
805,6,57,2024-07-01,1,403.32
806,17,16,2024-09-13,2,558.56
807,1,2,2024-03-23,5,17500.0
808,20,58,2024-05-08,2,757.7
809,1,37,2024-10-03,4,14000.0
810,2,46,2025-01-20,1,206.74
811,7,6,2024-07-17,3,1466.43
812,15,58,2024-10-17,3,2444.79
813,1,32,2025-01-20,3,10500.0
814,11,1,2024-04-27,2,1902.7
815,17,26,2024-04-21,5,1396.4
816,6,55,2024-06-20,4,1613.28
817,20,44,2025-01-21,5,1894.25
818,11,51,2024-06-17,5,4756.75
819,14,38,2024-03-22,4,2209.16
820,4,33,2024-11-01,3,2805.06
821,5,4,2024-04-16,5,827.4
822,12,30,2024-03-22,3,811.65
823,8,35,2024-07-31,4,2975.48
824,15,25,2024-06-20,4,3259.72
825,19,20,2024-08-14,1,60.52
826,1,59,2024-10-10,3,10500.0
827,11,27,2024-11-05,3,2854.05
828,16,38,2024-03-11,3,298.89
829,9,4,2024-08-01,5,1299.3
830,13,53,2024-06-06,5,4310.05
831,16,23,2024-10-21,5,498.15
832,7,35,2024-03-11,2,977.62
833,11,16,2024-12-12,1,951.35
834,19,50,2024-03-19,2,121.04
835,5,38,2024-12-15,5,827.4
836,4,59,2024-10-13,3,2805.06
837,14,53,2025-02-25,2,1104.58
838,8,50,2024-04-28,2,1487.74
839,15,44,2024-09-15,3,2444.79
840,3,10,2024-12-27,5,4150.8
841,20,50,2024-03-11,5,1894.25
842,5,16,2024-07-21,2,330.96
843,11,60,2024-11-11,1,951.35
844,20,20,2024-06-30,4,1515.4
845,5,31,2025-01-26,1,165.48
846,5,44,2025-01-04,2,330.96
847,1,26,2024-08-26,4,14000.0
848,7,37,2024-11-28,5,2444.05
849,4,59,2025-02-01,2,1870.04
850,12,18,2024-05-28,4,1082.2
851,11,2,2024-10-24,5,4756.75
852,4,51,2024-05-15,5,4675.1
853,5,43,2024-08-28,4,661.92
854,16,58,2025-02-15,1,99.63
855,12,31,2024-08-12,3,811.65
856,2,48,2024-09-07,3,620.22
857,8,2,2024-05-30,2,1487.74
858,11,57,2024-05-14,2,1902.7
859,1,49,2024-11-24,3,10500.0
860,10,7,2024-08-02,1,713.59
861,14,35,2025-01-30,5,2761.45
862,5,32,2024-10-09,5,827.4
863,5,9,2024-05-13,1,165.48
864,14,57,2024-06-02,3,1656.87
865,16,55,2024-08-05,4,398.52
866,16,27,2024-08-02,4,398.52
867,13,10,2024-12-13,1,862.01
868,7,42,2025-03-11,2,977.62
869,9,28,2024-05-22,1,259.86
870,2,16,2024-07-30,3,620.22
871,13,34,2024-07-22,1,862.01
872,16,45,2025-01-13,3,298.89
873,14,23,2024-12-03,5,2761.45
874,2,54,2025-02-18,2,413.48
875,4,58,2024-06-01,2,1870.04
876,15,13,2025-01-26,5,4074.65
877,9,16,2024-12-15,2,519.72
878,19,23,2024-11-27,5,302.6
879,16,50,2024-04-29,3,298.89
880,4,19,2024-03-31,1,935.02
881,14,23,2024-09-09,2,1104.58
882,14,52,2024-07-25,5,2761.45
883,18,60,2025-02-13,5,1712.95
884,19,55,2024-09-23,5,302.6
885,10,20,2024-05-19,2,1427.18
886,5,43,2024-09-06,2,330.96
887,15,46,2024-09-01,1,814.93
888,15,22,2024-07-21,2,1629.86
889,19,57,2024-10-08,3,181.56
890,14,37,2024-06-20,1,552.29
891,6,19,2024-05-20,1,403.32
892,3,3,2025-01-26,3,2490.48
893,10,29,2024-06-01,2,1427.18
894,15,3,2025-01-12,5,4074.65
895,4,39,2025-01-08,1,935.02
896,10,4,2024-05-13,3,2140.77
897,18,3,2024-09-03,3,1027.77
898,12,40,2024-08-18,1,270.55
899,18,51,2024-03-14,5,1712.95
900,16,20,2024-08-29,1,99.63
901,11,44,2025-01-31,2,1902.7
902,10,46,2024-07-23,5,3567.95
903,8,37,2024-03-15,1,743.87
904,3,58,2024-11-22,3,2490.48
905,18,35,2024-12-14,2,685.18
906,1,7,2025-02-25,4,14000.0
907,7,5,2024-05-16,4,1955.24
908,19,37,2024-05-18,5,302.6
909,8,41,2024-04-19,4,2975.48
910,1,34,2024-06-21,2,7000.0
911,12,21,2024-11-20,3,811.65
912,1,27,2025-01-24,2,7000.0
913,6,33,2024-06-12,2,806.64
914,20,23,2024-05-06,4,1515.4
915,19,24,2024-07-05,3,181.56
916,10,5,2024-05-17,1,713.59
917,5,39,2024-03-29,2,330.96
918,2,44,2024-08-25,3,620.22
919,5,14,2024-12-07,1,165.48
920,1,44,2024-12-19,2,7000.0
921,17,13,2025-01-25,1,279.28
922,3,38,2024-09-05,1,830.16
923,10,36,2024-06-26,2,1427.18
924,18,48,2024-04-27,2,685.18
925,10,33,2025-02-21,4,2854.36
926,10,58,2024-08-19,2,1427.18
927,4,7,2024-09-21,3,2805.06
928,16,3,2024-09-05,2,199.26
929,15,12,2025-01-10,3,2444.79
930,20,36,2025-01-08,5,1894.25
931,20,45,2024-07-01,5,1894.25
932,17,14,2024-08-26,4,1117.12
933,8,49,2025-01-03,1,743.87
934,3,33,2024-06-08,2,1660.32
935,5,37,2024-07-07,5,827.4
936,18,16,2024-11-15,4,1370.36
937,19,19,2025-02-11,5,302.6
938,4,22,2025-02-12,4,3740.08
939,2,55,2024-07-22,4,826.96
940,10,3,2024-12-01,2,1427.18
941,18,10,2024-08-26,4,1370.36
942,9,33,2025-02-18,2,519.72
943,16,9,2024-05-19,1,99.63
944,16,49,2024-11-18,1,99.63
945,19,5,2024-06-02,3,181.56
946,2,40,2024-04-07,4,826.96
947,17,35,2024-04-07,5,1396.4
948,8,50,2025-02-21,5,3719.35
949,3,8,2024-07-30,4,3320.64
950,7,37,2024-05-31,2,977.62
951,10,5,2024-11-04,4,2854.36
952,17,49,2025-01-20,3,837.84
953,3,24,2024-11-09,3,2490.48
954,16,28,2024-06-20,3,298.89
955,9,45,2025-03-04,2,519.72
956,6,11,2024-12-03,1,403.32
957,5,27,2024-04-10,5,827.4
958,8,48,2024-07-23,3,2231.61
959,13,40,2024-03-15,4,3448.04
960,12,18,2025-02-28,1,270.55
961,2,6,2024-04-09,3,620.22
962,16,37,2024-10-18,3,298.89
963,3,27,2024-10-16,4,3320.64
964,13,2,2024-11-26,3,2586.03
965,16,24,2025-01-11,1,99.63
966,18,33,2024-10-19,1,342.59
967,11,49,2024-08-30,1,951.35
968,15,26,2024-07-23,4,3259.72
969,6,5,2024-09-26,2,806.64
970,16,45,2024-03-15,4,398.52
971,20,11,2024-04-06,2,757.7
972,12,39,2024-04-05,2,541.1
973,18,44,2024-08-06,3,1027.77
974,2,43,2024-12-10,4,826.96
975,10,48,2024-03-29,3,2140.77
976,3,51,2024-05-03,5,4150.8
977,8,18,2024-08-01,5,3719.35
978,8,14,2024-04-25,3,2231.61
979,15,36,2024-11-20,4,3259.72
980,11,45,2024-07-04,3,2854.05
981,13,2,2024-08-21,1,862.01
982,18,36,2024-10-30,4,1370.36
983,18,59,2024-04-01,5,1712.95
984,6,52,2024-04-19,4,1613.28
985,3,51,2024-11-15,4,3320.64
986,12,19,2024-08-20,3,811.65
987,17,10,2024-09-26,1,279.28
988,17,35,2024-03-17,5,1396.4
989,1,46,2024-06-21,1,3500.0
990,10,38,2025-02-27,3,2140.77
991,14,21,2025-01-31,4,2209.16
992,10,26,2024-11-12,2,1427.18
993,14,20,2024-05-15,3,1656.87
994,18,51,2024-12-26,5,1712.95
995,7,43,2024-04-01,2,977.62
996,15,28,2024-11-14,5,4074.65
997,7,42,2024-04-21,1,488.81
998,1,29,2024-10-17,4,14000.0
999,1,57,2024-11-14,2,7000.0
1000,5,30,2024-12-06,2,330.96
1001,1,13,2024-04-04,3,10500.0
1002,6,10,2024-05-05,3,1209.96
1003,20,42,2024-11-02,2,757.7
1004,6,6,2024-08-19,3,1209.96
1005,6,6,2024-07-02,4,1613.28
1006,9,6,2024-12-26,5,1299.3
1007,9,14,2025-02-16,2,519.72
1008,16,54,2025-02-26,3,298.89
1009,7,25,2024-05-21,2,977.62
1010,6,1,2024-05-23,3,1209.96
1011,12,54,2024-08-27,5,1352.75
1012,15,25,2024-08-24,2,1629.86
1013,14,40,2025-01-22,1,552.29
1014,3,21,2024-10-31,1,830.16
1015,14,47,2024-09-24,4,2209.16
1016,7,6,2024-03-23,1,488.81
1017,16,35,2024-10-11,5,498.15
1018,11,5,2024-07-24,4,3805.4
1019,16,42,2024-09-08,3,298.89
1020,7,21,2025-01-12,1,488.81
1021,18,15,2024-06-25,5,1712.95
1022,13,3,2025-01-02,5,4310.05
1023,19,44,2024-05-24,3,181.56
1024,15,39,2024-03-27,3,2444.79
1025,12,14,2024-04-17,2,541.1
1026,6,52,2025-01-11,5,2016.6
1027,1,34,2024-03-16,1,3500.0
1028,5,16,2024-07-27,1,165.48
1029,7,13,2024-03-19,3,1466.43
1030,14,21,2025-01-11,2,1104.58
1031,14,6,2024-05-05,5,2761.45
1032,14,31,2025-01-21,5,2761.45
1033,15,23,2024-11-09,1,814.93
1034,3,46,2025-01-20,1,830.16
1035,19,19,2025-02-24,5,302.6
1036,2,13,2024-10-10,3,620.22
1037,9,39,2024-11-14,3,779.58
1038,11,18,2024-08-26,5,4756.75
1039,2,59,2025-03-06,1,206.74
1040,11,36,2024-12-03,4,3805.4
1041,8,34,2024-08-27,3,2231.61
1042,7,53,2024-09-10,3,1466.43
1043,17,51,2024-03-30,5,1396.4
1044,19,10,2024-12-18,1,60.52
1045,14,40,2024-09-19,5,2761.45
1046,11,9,2025-02-21,4,3805.4
1047,7,49,2024-11-20,3,1466.43
1048,9,10,2025-03-08,3,779.58
1049,16,39,2024-05-28,1,99.63
1050,20,23,2024-12-02,3,1136.55
1051,13,44,2024-07-06,2,1724.02
1052,8,1,2024-09-09,4,2975.48
1053,7,39,2024-08-08,4,1955.24
1054,7,10,2024-10-01,4,1955.24
1055,3,9,2024-07-20,4,3320.64
1056,15,45,2024-11-12,3,2444.79
1057,15,24,2024-07-10,5,4074.65
1058,9,7,2024-03-30,2,519.72
1059,1,8,2024-07-21,3,10500.0
1060,14,25,2024-04-07,4,2209.16
1061,17,1,2024-07-29,1,279.28
1062,10,10,2024-04-22,4,2854.36
1063,15,58,2025-03-11,5,4074.65
1064,7,23,2024-05-28,4,1955.24
1065,15,21,2024-11-22,4,3259.72
1066,14,39,2024-12-04,4,2209.16
1067,11,32,2024-04-08,4,3805.4
1068,20,23,2024-06-05,1,378.85
1069,15,60,2024-09-01,1,814.93
1070,3,14,2024-04-15,5,4150.8
1071,19,19,2024-03-27,1,60.52
1072,15,25,2024-09-25,4,3259.72
1073,10,45,2025-01-02,4,2854.36
1074,8,10,2024-05-01,5,3719.35
1075,12,51,2024-03-26,2,541.1
1076,8,29,2024-07-28,4,2975.48
1077,10,34,2024-08-09,5,3567.95
1078,19,6,2025-02-22,3,181.56
1079,8,11,2024-10-29,3,2231.61
1080,4,10,2024-11-08,5,4675.1
1081,16,53,2024-04-21,4,398.52
1082,12,39,2024-05-21,2,541.1
1083,20,14,2024-06-05,3,1136.55
1084,7,5,2024-07-16,3,1466.43
1085,1,25,2024-12-05,5,17500.0
1086,15,30,2024-12-24,2,1629.86
1087,18,7,2024-07-06,5,1712.95
1088,1,58,2024-04-08,3,10500.0
1089,1,12,2025-01-22,2,7000.0
1090,3,17,2024-06-20,4,3320.64
1091,19,43,2024-06-09,4,242.08
1092,12,2,2025-02-12,1,270.55
1093,15,13,2024-12-02,3,2444.79
1094,6,51,2024-11-20,3,1209.96
1095,6,37,2024-07-22,3,1209.96
1096,2,49,2024-11-09,4,826.96
1097,12,9,2024-05-14,2,541.1
1098,10,11,2024-06-27,2,1427.18
1099,2,32,2024-12-03,1,206.74
1100,12,36,2024-10-20,3,811.65
1101,13,56,2024-06-05,4,3448.04
1102,18,12,2024-03-18,4,1370.36
1103,13,51,2025-02-17,5,4310.05
1104,14,33,2025-01-22,1,552.29
1105,15,41,2025-01-24,4,3259.72
1106,6,47,2024-11-10,5,2016.6
1107,13,49,2025-03-05,1,862.01
1108,7,10,2025-02-08,3,1466.43
1109,6,29,2024-06-15,4,1613.28
1110,9,5,2024-05-10,1,259.86
1111,5,20,2025-03-02,1,165.48
1112,12,44,2024-10-08,3,811.65
1113,1,6,2024-09-19,3,10500.0
1114,2,12,2024-03-21,4,826.96
1115,5,46,2024-04-14,2,330.96
1116,4,14,2025-01-08,4,3740.08
1117,6,55,2024-05-12,3,1209.96
1118,16,13,2024-06-08,4,398.52
1119,3,19,2024-08-21,2,1660.32
1120,1,33,2025-02-14,5,17500.0
1121,4,36,2024-12-21,3,2805.06
1122,18,17,2024-10-04,3,1027.77
1123,3,11,2024-09-28,1,830.16
1124,11,50,2024-05-08,4,3805.4
1125,11,52,2025-02-02,5,4756.75
1126,16,11,2025-02-02,4,398.52
1127,10,55,2024-10-17,4,2854.36
1128,2,8,2025-01-13,5,1033.7
1129,3,57,2024-07-11,2,1660.32
1130,18,27,2024-10-18,2,685.18
1131,20,33,2024-03-11,3,1136.55
1132,18,59,2024-11-23,1,342.59
1133,19,31,2024-04-28,2,121.04
1134,3,12,2024-04-08,1,830.16
1135,7,3,2024-08-09,2,977.62
1136,15,30,2024-11-16,4,3259.72
1137,3,37,2024-06-03,5,4150.8
1138,12,30,2024-05-18,5,1352.75
1139,3,57,2024-11-24,1,830.16
1140,15,52,2025-02-26,3,2444.79
1141,18,56,2024-03-30,5,1712.95
1142,3,1,2025-01-23,1,830.16
1143,14,8,2024-03-15,2,1104.58
1144,14,53,2024-05-14,1,552.29
1145,18,8,2024-11-04,3,1027.77
1146,3,2,2025-03-07,5,4150.8
1147,9,16,2025-01-26,4,1039.44
1148,2,39,2024-03-31,1,206.74
1149,1,55,2025-03-04,5,17500.0
1150,20,18,2024-11-20,4,1515.4
1151,10,8,2024-11-20,1,713.59
1152,4,2,2024-10-29,2,1870.04
1153,10,60,2024-09-01,1,713.59
1154,19,58,2024-08-17,5,302.6
1155,6,36,2024-06-01,1,403.32
1156,11,54,2024-10-08,4,3805.4
1157,1,58,2024-05-06,1,3500.0
1158,19,10,2024-06-06,1,60.52
1159,17,28,2024-08-13,4,1117.12
1160,4,48,2025-02-17,5,4675.1
1161,6,58,2024-06-25,3,1209.96
1162,17,48,2025-02-16,3,837.84
1163,11,42,2024-07-19,1,951.35
1164,11,8,2024-11-14,1,951.35
1165,1,5,2024-10-25,3,10500.0
1166,19,45,2025-03-02,3,181.56
1167,16,33,2024-06-27,4,398.52
1168,3,9,2024-10-22,5,4150.8
1169,14,19,2024-08-24,4,2209.16
1170,10,26,2024-04-04,5,3567.95
1171,15,47,2024-06-04,5,4074.65
1172,2,49,2024-06-05,1,206.74
1173,19,30,2025-02-07,1,60.52
1174,13,42,2024-07-26,3,2586.03
1175,9,45,2024-10-17,1,259.86
1176,11,37,2024-06-02,4,3805.4
1177,19,12,2024-04-11,5,302.6
1178,17,14,2024-06-07,3,837.84
1179,7,17,2024-11-15,5,2444.05
1180,2,47,2024-05-17,5,1033.7
1181,18,10,2025-01-06,4,1370.36
1182,9,38,2024-09-25,5,1299.3
1183,7,31,2024-08-09,4,1955.24
1184,17,44,2024-12-14,3,837.84
1185,19,14,2024-12-15,2,121.04
1186,18,45,2024-07-24,3,1027.77
1187,20,34,2024-11-13,4,1515.4
1188,11,23,2024-12-19,5,4756.75
1189,6,56,2025-01-24,5,2016.6
1190,17,19,2025-01-25,3,837.84
1191,4,51,2024-05-27,2,1870.04
1192,13,23,2024-11-08,3,2586.03
1193,11,31,2024-10-13,3,2854.05
1194,13,20,2024-12-29,5,4310.05
1195,9,38,2025-02-28,2,519.72
1196,16,60,2024-04-12,3,298.89
1197,9,19,2024-05-29,2,519.72
1198,20,50,2025-02-18,2,757.7
1199,8,29,2024-11-13,3,2231.61
1200,7,11,2024-11-01,5,2444.05
1201,4,6,2025-02-28,2,1870.04
1202,14,60,2024-10-23,4,2209.16
1203,9,32,2024-08-03,2,519.72
1204,14,10,2024-10-05,3,1656.87
1205,16,32,2024-07-26,3,298.89
1206,11,2,2024-10-02,1,951.35
1207,12,15,2024-08-22,1,270.55
1208,5,16,2024-09-28,5,827.4
1209,19,12,2025-02-23,5,302.6
1210,3,48,2024-11-02,2,1660.32
1211,8,48,2024-06-18,1,743.87
1212,8,26,2024-11-24,2,1487.74
1213,20,60,2024-05-26,3,1136.55
1214,7,7,2025-02-23,3,1466.43
1215,20,56,2024-08-21,4,1515.4
1216,5,45,2024-09-18,2,330.96
1217,3,37,2024-05-02,1,830.16
1218,10,27,2024-07-10,2,1427.18
1219,6,28,2024-03-31,5,2016.6
1220,1,56,2024-03-27,1,3500.0
1221,7,10,2024-10-16,1,488.81
1222,19,3,2024-11-13,4,242.08
1223,13,12,2024-05-28,4,3448.04
1224,18,48,2024-11-23,3,1027.77
1225,8,49,2025-01-14,4,2975.48
1226,17,31,2024-10-29,4,1117.12
1227,19,46,2025-02-11,2,121.04
1228,19,46,2025-01-11,1,60.52
1229,1,57,2024-08-25,2,7000.0
1230,9,3,2024-11-02,3,779.58
1231,9,45,2024-03-22,4,1039.44
1232,5,51,2024-04-20,1,165.48
1233,2,5,2024-09-07,5,1033.7
1234,7,42,2025-02-18,2,977.62
1235,7,39,2024-09-23,3,1466.43
1236,3,27,2024-11-30,2,1660.32
1237,15,41,2025-02-01,5,4074.65
1238,19,13,2025-01-29,5,302.6
1239,11,22,2024-08-22,1,951.35
1240,5,10,2024-05-11,3,496.44
1241,6,40,2024-04-21,2,806.64
1242,3,57,2024-12-28,2,1660.32
1243,3,9,2024-10-04,5,4150.8
1244,10,49,2024-08-25,5,3567.95
1245,10,29,2024-03-13,2,1427.18
1246,10,48,2024-04-15,1,713.59
1247,7,22,2024-04-22,4,1955.24
1248,15,26,2024-09-26,2,1629.86
1249,6,43,2024-04-17,3,1209.96
1250,8,42,2024-07-05,3,2231.61
1251,19,10,2024-07-01,2,121.04
1252,2,25,2025-03-08,2,413.48
1253,17,56,2024-05-27,5,1396.4
1254,9,43,2024-09-17,2,519.72
1255,17,31,2025-02-20,4,1117.12
1256,6,37,2024-09-05,2,806.64
1257,8,29,2024-08-22,3,2231.61
1258,3,15,2024-06-19,2,1660.32
1259,2,42,2024-03-24,5,1033.7
1260,19,11,2024-12-20,5,302.6
1261,20,11,2024-04-27,5,1894.25
1262,12,39,2024-12-13,1,270.55
1263,14,25,2024-12-21,4,2209.16
1264,7,51,2024-08-21,2,977.62
1265,6,22,2024-08-23,1,403.32
1266,12,59,2024-09-03,5,1352.75
1267,11,55,2024-09-06,1,951.35
1268,9,7,2024-07-31,4,1039.44
1269,1,55,2025-01-11,4,14000.0
1270,19,51,2024-09-08,4,242.08
1271,15,38,2024-12-07,3,2444.79
1272,18,43,2024-08-17,3,1027.77
1273,14,54,2024-08-26,3,1656.87
1274,4,33,2025-03-06,4,3740.08
1275,4,35,2025-03-09,4,3740.08
1276,15,18,2024-07-27,5,4074.65
1277,6,24,2024-09-20,5,2016.6
1278,12,42,2024-08-24,1,270.55
1279,18,34,2024-10-07,3,1027.77
1280,1,44,2024-07-24,5,17500.0
1281,4,13,2025-02-03,1,935.02
1282,16,8,2024-07-25,1,99.63
1283,7,41,2024-12-11,5,2444.05
1284,17,5,2025-01-27,3,837.84
1285,3,55,2025-02-02,2,1660.32
1286,4,12,2024-06-04,4,3740.08
1287,18,18,2025-01-31,1,342.59
1288,1,47,2024-11-08,1,3500.0
1289,11,13,2024-06-13,4,3805.4
1290,19,15,2024-11-19,1,60.52
1291,13,17,2025-02-20,3,2586.03
1292,14,7,2025-01-07,1,552.29
1293,17,49,2024-05-01,1,279.28
1294,3,26,2025-02-22,4,3320.64
1295,6,7,2025-02-11,4,1613.28
1296,1,4,2024-08-01,4,14000.0
1297,18,9,2025-01-21,5,1712.95
1298,2,41,2025-01-22,3,620.22
1299,7,15,2024-06-27,2,977.62
1300,2,16,2024-09-20,1,206.74
1301,11,44,2024-09-17,2,1902.7
1302,6,14,2024-12-14,3,1209.96
1303,10,6,2025-02-13,1,713.59
1304,18,43,2024-07-25,5,1712.95
1305,18,53,2024-06-25,1,342.59
1306,12,36,2024-09-26,2,541.1
1307,7,14,2024-05-14,1,488.81
1308,6,39,2024-08-15,5,2016.6
1309,7,7,2025-02-05,4,1955.24
1310,6,7,2024-08-25,3,1209.96
1311,6,1,2024-10-17,5,2016.6
1312,10,28,2024-06-22,3,2140.77
1313,18,25,2024-06-01,1,342.59
1314,9,7,2024-04-21,1,259.86
1315,10,45,2024-08-25,4,2854.36
1316,17,38,2025-02-02,3,837.84
1317,6,25,2024-05-13,5,2016.6
1318,14,40,2024-04-20,4,2209.16
1319,18,4,2024-07-24,4,1370.36
1320,18,16,2025-01-15,3,1027.77
1321,12,54,2024-12-24,4,1082.2
1322,9,52,2024-08-20,2,519.72
1323,5,43,2024-08-23,4,661.92
1324,5,4,2024-11-25,1,165.48
1325,2,11,2025-02-24,2,413.48
1326,5,51,2024-04-06,5,827.4
1327,1,55,2024-03-15,1,3500.0
1328,1,17,2024-05-16,3,10500.0
1329,7,5,2024-10-26,3,1466.43
1330,7,58,2024-08-19,3,1466.43
1331,3,49,2025-01-30,1,830.16
1332,1,8,2024-10-13,2,7000.0
1333,18,27,2024-06-30,5,1712.95
1334,9,25,2024-07-11,4,1039.44
1335,18,25,2024-04-04,2,685.18
1336,3,55,2025-01-01,2,1660.32
1337,15,14,2024-03-21,2,1629.86
1338,19,54,2024-08-24,4,242.08
1339,15,50,2024-05-22,1,814.93
1340,16,49,2024-04-21,2,199.26
1341,12,4,2024-08-20,4,1082.2
1342,5,60,2025-03-04,4,661.92
1343,1,10,2024-07-11,1,3500.0
1344,13,56,2024-03-17,2,1724.02
1345,19,59,2024-04-01,2,121.04
1346,7,15,2024-11-08,2,977.62
1347,9,24,2024-06-25,2,519.72
1348,1,14,2025-02-09,3,10500.0
1349,5,4,2024-10-11,4,661.92
1350,5,11,2024-11-05,4,661.92
1351,19,55,2024-10-02,2,121.04
1352,15,36,2024-06-04,1,814.93
1353,20,2,2024-10-12,4,1515.4
1354,9,29,2024-06-17,3,779.58
1355,19,36,2024-10-27,2,121.04
1356,11,28,2024-09-25,4,3805.4
1357,4,42,2024-08-09,4,3740.08
1358,15,40,2025-02-06,1,814.93
1359,11,52,2024-07-26,5,4756.75
1360,7,18,2024-07-22,4,1955.24
1361,1,24,2024-05-14,1,3500.0
1362,3,20,2024-05-24,4,3320.64
1363,16,12,2024-06-23,1,99.63
1364,2,31,2024-12-21,5,1033.7
1365,10,11,2024-07-13,1,713.59
1366,13,44,2024-12-31,5,4310.05
1367,15,47,2024-09-20,3,2444.79
1368,10,47,2024-04-26,3,2140.77
1369,16,15,2025-01-04,3,298.89
1370,5,27,2024-06-09,2,330.96
1371,16,38,2025-01-17,1,99.63
1372,11,4,2024-05-16,1,951.35
1373,11,38,2024-07-27,4,3805.4
1374,19,42,2024-10-01,3,181.56
1375,15,19,2024-09-21,1,814.93
1376,13,36,2024-06-24,5,4310.05
1377,6,50,2024-05-11,4,1613.28
1378,5,30,2024-12-21,3,496.44
1379,19,22,2024-11-22,3,181.56
1380,11,36,2024-06-14,5,4756.75
1381,3,35,2024-04-23,5,4150.8
1382,19,26,2025-02-16,4,242.08
1383,11,51,2024-09-20,5,4756.75
1384,1,12,2024-05-16,4,14000.0
1385,13,41,2024-12-06,3,2586.03
1386,7,50,2024-12-09,4,1955.24
1387,12,53,2024-07-08,3,811.65
1388,7,56,2024-11-04,1,488.81
1389,6,30,2024-04-17,2,806.64
1390,7,6,2024-12-11,1,488.81
1391,2,52,2024-12-06,3,620.22
1392,14,14,2024-10-19,5,2761.45
1393,12,45,2024-04-04,4,1082.2
1394,2,21,2024-03-29,1,206.74
1395,3,19,2024-08-18,1,830.16
1396,14,60,2024-05-14,1,552.29
1397,4,41,2024-09-28,1,935.02
1398,15,59,2024-08-23,3,2444.79
1399,13,15,2024-09-02,2,1724.02
1400,11,35,2024-07-22,5,4756.75
1401,17,58,2024-07-02,4,1117.12
1402,18,3,2025-01-07,3,1027.77
1403,8,46,2025-02-26,1,743.87
1404,4,52,2024-11-07,3,2805.06
1405,4,4,2024-12-12,3,2805.06
1406,1,6,2024-05-12,5,17500.0
1407,18,32,2024-10-31,1,342.59
1408,20,22,2025-02-09,5,1894.25
1409,16,39,2024-05-13,2,199.26
1410,14,2,2024-07-17,5,2761.45
1411,13,48,2024-07-30,4,3448.04
1412,10,11,2024-03-20,4,2854.36
1413,4,19,2024-03-25,3,2805.06
1414,14,58,2024-04-09,1,552.29
1415,19,29,2024-08-19,1,60.52
1416,11,33,2024-10-02,3,2854.05
1417,1,46,2025-03-09,2,7000.0
1418,3,2,2024-05-19,4,3320.64
1419,11,58,2024-06-07,5,4756.75
1420,18,35,2024-04-08,5,1712.95
1421,14,20,2024-05-06,5,2761.45
1422,3,10,2024-03-25,4,3320.64
1423,6,52,2024-11-30,3,1209.96
1424,15,57,2024-12-12,3,2444.79
1425,16,2,2024-12-28,5,498.15
1426,18,16,2024-10-11,3,1027.77
1427,16,34,2024-07-14,2,199.26
1428,20,54,2025-01-13,2,757.7
1429,19,4,2024-10-06,5,302.6
1430,11,39,2024-10-07,4,3805.4
1431,18,24,2025-02-28,5,1712.95
1432,4,21,2024-04-26,4,3740.08
1433,19,11,2024-07-09,4,242.08
1434,11,3,2024-07-06,3,2854.05
1435,10,12,2024-07-24,1,713.59
1436,18,21,2024-12-30,2,685.18
1437,15,17,2024-10-07,2,1629.86
1438,18,1,2024-11-24,4,1370.36
1439,5,12,2024-10-07,2,330.96
1440,13,2,2025-01-23,1,862.01
1441,9,14,2024-05-01,2,519.72
1442,15,33,2024-07-08,3,2444.79
1443,7,8,2024-11-09,1,488.81
1444,10,58,2024-07-23,1,713.59
1445,17,41,2024-03-17,3,837.84
1446,4,32,2025-03-09,3,2805.06
1447,5,56,2025-02-14,4,661.92
1448,2,45,2025-02-08,2,413.48
1449,20,7,2024-08-02,4,1515.4
1450,18,60,2024-09-26,4,1370.36
1451,17,11,2025-02-25,4,1117.12
1452,6,26,2024-12-08,4,1613.28
1453,7,18,2024-11-11,5,2444.05
1454,12,15,2024-03-24,1,270.55
1455,3,14,2024-08-14,2,1660.32
1456,4,15,2024-10-27,5,4675.1
1457,6,26,2024-06-15,3,1209.96
1458,17,1,2025-02-27,2,558.56
1459,19,14,2024-04-06,5,302.6
1460,17,18,2025-02-22,2,558.56
1461,10,47,2024-12-04,1,713.59
1462,10,34,2024-04-24,5,3567.95
1463,8,1,2024-07-26,3,2231.61
1464,8,49,2024-05-30,3,2231.61
1465,14,37,2024-08-12,1,552.29
1466,16,25,2024-07-26,1,99.63
1467,4,37,2024-06-12,2,1870.04
1468,6,40,2024-04-07,4,1613.28
1469,19,35,2024-12-07,2,121.04
1470,16,1,2024-06-10,2,199.26
1471,12,41,2024-07-23,5,1352.75
1472,5,3,2024-11-05,1,165.48
1473,6,22,2024-12-22,3,1209.96
1474,16,52,2024-06-01,2,199.26
1475,14,47,2024-12-31,4,2209.16
1476,13,54,2024-08-10,5,4310.05
1477,16,34,2024-10-13,3,298.89
1478,11,19,2024-11-20,2,1902.7
1479,9,50,2024-04-24,2,519.72
1480,5,28,2025-01-12,2,330.96
1481,3,33,2025-01-03,5,4150.8
1482,5,34,2024-08-02,3,496.44
1483,11,46,2024-10-08,4,3805.4
1484,10,13,2024-07-07,2,1427.18
1485,6,15,2025-02-21,1,403.32
1486,7,37,2024-04-05,1,488.81
1487,16,37,2024-04-30,4,398.52
1488,5,9,2024-11-22,3,496.44
1489,15,23,2025-02-06,4,3259.72
1490,13,49,2024-11-16,4,3448.04
1491,17,33,2025-01-12,4,1117.12
1492,17,48,2024-03-31,5,1396.4
1493,1,56,2025-02-02,3,10500.0
1494,20,46,2024-10-13,1,378.85
1495,4,16,2024-06-09,4,3740.08
1496,4,12,2024-10-31,1,935.02
1497,15,2,2024-07-09,4,3259.72
1498,19,6,2025-02-14,5,302.6
1499,13,21,2024-08-06,4,3448.04
1500,14,31,2024-09-22,2,1104.58
1501,9,19,2025-01-07,5,1299.3
1502,10,54,2024-11-20,1,713.59
1503,11,41,2024-06-07,3,2854.05
1504,4,8,2024-04-30,1,935.02
1505,12,22,2025-01-13,5,1352.75
1506,10,48,2024-08-04,2,1427.18
1507,15,27,2024-06-11,2,1629.86
1508,20,58,2024-08-04,3,1136.55
1509,20,54,2024-05-14,1,378.85
1510,2,57,2025-01-28,3,620.22
1511,12,40,2024-08-22,1,270.55
1512,3,32,2025-03-01,3,2490.48
1513,12,43,2025-02-19,5,1352.75
1514,17,22,2024-03-23,3,837.84
1515,16,42,2025-01-28,5,498.15
1516,14,53,2025-01-30,3,1656.87
1517,17,33,2025-02-12,4,1117.12
1518,1,50,2024-03-21,4,14000.0
1519,12,25,2024-10-13,5,1352.75
1520,8,1,2025-02-24,3,2231.61
1521,8,35,2024-04-04,1,743.87
1522,16,8,2024-07-16,4,398.52
1523,11,23,2024-08-10,1,951.35
1524,4,41,2024-12-15,1,935.02
1525,3,36,2024-09-19,5,4150.8
1526,13,25,2025-02-27,2,1724.02
1527,1,43,2024-05-09,3,10500.0
1528,2,11,2024-11-11,3,620.22
1529,20,4,2024-08-11,2,757.7
1530,6,24,2024-03-27,2,806.64
1531,20,4,2024-11-22,4,1515.4
1532,3,50,2024-04-18,3,2490.48
1533,16,43,2024-09-07,1,99.63
1534,19,1,2025-03-11,5,302.6
1535,7,50,2024-06-27,5,2444.05
1536,5,17,2024-11-03,3,496.44
1537,6,56,2024-06-15,2,806.64
1538,11,48,2024-11-30,4,3805.4
1539,20,19,2024-06-13,1,378.85
1540,4,18,2024-03-11,3,2805.06
1541,13,60,2024-05-25,2,1724.02
1542,19,32,2024-12-03,3,181.56
1543,12,52,2024-12-12,3,811.65
1544,2,27,2025-03-05,1,206.74
1545,18,32,2024-04-02,3,1027.77
1546,3,39,2024-10-11,3,2490.48
1547,17,41,2024-10-02,1,279.28
1548,1,16,2025-01-29,3,10500.0
1549,11,4,2024-07-30,5,4756.75
1550,20,43,2024-07-27,2,757.7
1551,15,49,2024-12-22,5,4074.65
1552,4,15,2024-10-02,1,935.02
1553,14,8,2024-04-10,1,552.29
1554,2,19,2024-04-22,1,206.74
1555,16,4,2025-02-13,2,199.26
1556,10,8,2024-08-10,4,2854.36
1557,18,27,2024-06-04,3,1027.77
1558,16,19,2024-07-14,4,398.52
1559,16,4,2024-04-26,3,298.89
1560,15,28,2024-12-06,2,1629.86
1561,14,27,2024-07-12,2,1104.58
1562,4,30,2024-09-25,2,1870.04
1563,20,4,2024-08-01,1,378.85
1564,20,11,2024-05-31,3,1136.55
1565,2,5,2025-01-31,1,206.74
1566,9,44,2024-06-30,4,1039.44
1567,7,53,2024-12-21,4,1955.24
1568,1,59,2024-05-08,2,7000.0
1569,9,23,2025-01-13,4,1039.44
1570,13,7,2024-08-12,2,1724.02
1571,3,1,2025-02-21,5,4150.8
1572,14,42,2024-12-28,2,1104.58
1573,15,52,2024-08-25,3,2444.79
1574,6,24,2024-12-25,4,1613.28
1575,10,47,2024-11-18,2,1427.18
1576,11,14,2024-03-17,3,2854.05
1577,14,21,2024-05-31,4,2209.16
1578,9,22,2024-08-17,5,1299.3
1579,9,11,2025-02-13,2,519.72
1580,20,11,2024-08-02,2,757.7
1581,20,44,2024-06-05,2,757.7
1582,2,12,2024-06-20,3,620.22
1583,6,43,2024-04-18,1,403.32
1584,6,6,2024-11-25,2,806.64
1585,9,52,2024-03-11,1,259.86
1586,9,19,2024-03-28,2,519.72
1587,12,38,2024-09-16,2,541.1
1588,12,37,2024-08-12,2,541.1
1589,14,31,2024-12-19,4,2209.16
1590,8,13,2025-01-25,1,743.87
1591,1,16,2024-03-14,5,17500.0
1592,17,39,2025-01-02,3,837.84
1593,3,27,2024-11-03,1,830.16
1594,7,42,2024-08-29,1,488.81
1595,7,20,2025-03-05,1,488.81
1596,6,58,2024-07-01,4,1613.28
1597,6,5,2025-01-07,1,403.32
1598,8,1,2024-06-21,5,3719.35
1599,20,37,2024-11-03,5,1894.25
1600,13,28,2024-12-20,5,4310.05
1601,8,14,2025-02-07,4,2975.48
1602,10,44,2024-11-19,4,2854.36
1603,1,59,2024-05-09,5,17500.0
1604,13,9,2024-05-20,5,4310.05
1605,14,10,2024-06-28,2,1104.58
1606,13,39,2024-03-26,4,3448.04
1607,13,30,2024-10-16,2,1724.02
1608,3,11,2024-07-12,5,4150.8
1609,11,29,2024-08-01,3,2854.05
1610,1,55,2025-02-04,2,7000.0
1611,12,56,2024-08-22,2,541.1
1612,12,53,2024-04-06,5,1352.75
1613,7,6,2024-11-22,3,1466.43
1614,16,47,2024-05-31,4,398.52
1615,18,17,2024-12-08,1,342.59
1616,6,2,2025-01-16,3,1209.96
1617,14,17,2024-12-29,1,552.29
1618,15,6,2024-06-11,1,814.93
1619,8,38,2024-07-30,1,743.87
1620,19,46,2024-05-21,5,302.6
1621,4,34,2024-10-10,3,2805.06
1622,19,40,2024-04-29,2,121.04
1623,8,40,2025-01-25,1,743.87
1624,1,9,2024-08-04,4,14000.0
1625,12,2,2025-03-07,5,1352.75
1626,1,12,2024-07-14,2,7000.0
1627,14,23,2024-12-03,3,1656.87
1628,6,32,2024-08-21,3,1209.96
1629,2,29,2024-11-09,3,620.22
1630,14,46,2024-07-17,2,1104.58
1631,5,9,2024-10-23,5,827.4
1632,15,47,2024-12-30,5,4074.65
1633,15,31,2025-02-20,1,814.93
1634,11,55,2024-04-07,2,1902.7
1635,2,16,2024-08-05,5,1033.7
1636,14,52,2024-12-31,2,1104.58
1637,1,43,2025-02-16,3,10500.0
1638,16,52,2024-03-20,4,398.52
1639,7,19,2024-09-04,2,977.62
1640,11,15,2025-01-19,4,3805.4
1641,12,22,2025-01-16,4,1082.2
1642,7,35,2024-05-14,2,977.62
1643,8,51,2025-03-03,2,1487.74
1644,8,5,2024-07-26,1,743.87
1645,6,7,2025-02-13,2,806.64
1646,5,49,2025-02-01,4,661.92
1647,19,56,2024-10-25,5,302.6
1648,11,49,2024-12-04,2,1902.7
1649,8,9,2024-03-27,4,2975.48
1650,12,40,2024-10-30,3,811.65
1651,9,4,2024-10-17,2,519.72
1652,13,50,2024-06-30,1,862.01
1653,11,44,2024-10-11,5,4756.75
1654,2,35,2025-03-06,5,1033.7
1655,16,38,2024-05-12,5,498.15
1656,14,55,2024-03-13,1,552.29
1657,3,12,2024-04-20,5,4150.8
1658,7,55,2025-03-01,1,488.81
1659,16,22,2024-12-12,5,498.15
1660,11,52,2024-04-27,4,3805.4
1661,14,25,2024-11-10,5,2761.45
1662,20,49,2024-08-17,2,757.7
1663,2,46,2024-05-02,5,1033.7
1664,9,42,2024-07-06,2,519.72
1665,18,15,2024-05-18,2,685.18
1666,5,5,2024-12-07,5,827.4
1667,14,20,2024-10-28,2,1104.58
1668,12,56,2024-12-26,2,541.1
1669,17,43,2024-11-13,3,837.84
1670,13,28,2025-01-30,5,4310.05
1671,1,11,2024-04-14,5,17500.0
1672,11,8,2024-08-16,1,951.35
1673,3,26,2024-09-12,5,4150.8
1674,16,53,2024-05-23,2,199.26
1675,10,18,2024-07-24,2,1427.18
1676,1,10,2024-08-19,3,10500.0
1677,16,19,2025-02-25,2,199.26
1678,7,23,2024-03-19,1,488.81
1679,9,23,2024-08-11,1,259.86
1680,15,37,2024-08-01,2,1629.86
1681,8,7,2024-12-19,5,3719.35
1682,20,8,2024-11-01,1,378.85
1683,12,26,2024-07-22,5,1352.75
1684,2,34,2025-02-11,3,620.22
1685,10,11,2024-06-30,2,1427.18
1686,6,54,2025-01-02,4,1613.28
1687,4,7,2025-01-29,3,2805.06
1688,5,30,2024-10-05,1,165.48
1689,1,25,2024-03-19,1,3500.0
1690,17,34,2024-12-16,4,1117.12
1691,18,3,2025-01-05,2,685.18
1692,11,22,2024-07-23,1,951.35
1693,8,52,2024-06-29,1,743.87
1694,14,15,2024-08-21,5,2761.45
1695,7,15,2024-09-28,4,1955.24
1696,19,19,2024-07-16,2,121.04
1697,12,55,2024-09-17,2,541.1
1698,7,4,2024-09-29,4,1955.24
1699,17,55,2024-06-01,5,1396.4
1700,10,37,2024-07-30,4,2854.36
1701,12,46,2024-06-16,1,270.55
1702,3,28,2024-04-09,5,4150.8
1703,17,56,2024-06-15,5,1396.4
1704,4,39,2024-12-03,3,2805.06
1705,8,11,2024-07-15,2,1487.74
1706,12,2,2024-05-12,1,270.55
1707,5,19,2024-10-01,2,330.96
1708,19,5,2024-09-16,1,60.52
1709,8,31,2024-07-11,4,2975.48
1710,15,41,2024-07-30,1,814.93
1711,16,22,2024-11-17,5,498.15
1712,18,29,2024-04-25,3,1027.77
1713,18,15,2024-06-25,3,1027.77
1714,20,27,2024-07-10,1,378.85
1715,11,33,2024-04-15,2,1902.7
1716,7,48,2025-01-29,4,1955.24
1717,18,9,2024-12-10,5,1712.95
1718,4,15,2024-07-12,2,1870.04
1719,3,15,2024-07-03,3,2490.48
1720,2,3,2024-07-09,3,620.22
1721,10,4,2025-02-08,1,713.59
1722,8,45,2024-11-21,2,1487.74
1723,5,32,2024-08-11,5,827.4
1724,9,23,2025-01-02,3,779.58
1725,11,54,2024-04-14,2,1902.7
1726,17,3,2024-10-30,1,279.28
1727,7,57,2024-05-27,5,2444.05
1728,11,20,2024-12-06,5,4756.75
1729,17,32,2024-09-23,4,1117.12
1730,11,60,2024-04-26,1,951.35
1731,3,59,2024-06-26,4,3320.64
1732,11,20,2025-02-13,3,2854.05
1733,19,57,2025-03-10,1,60.52
1734,19,15,2024-12-07,3,181.56
1735,3,35,2024-06-23,2,1660.32
1736,18,39,2024-04-15,5,1712.95
1737,18,42,2024-04-21,1,342.59
1738,3,9,2024-08-21,5,4150.8
1739,2,2,2024-05-01,3,620.22
1740,9,2,2024-11-01,3,779.58
1741,7,43,2024-09-17,3,1466.43
1742,13,41,2024-10-14,2,1724.02
1743,1,23,2024-09-21,2,7000.0
1744,13,27,2024-10-19,1,862.01
1745,16,12,2024-06-19,2,199.26
1746,17,52,2024-06-21,3,837.84
1747,18,13,2024-07-20,2,685.18
1748,4,21,2025-02-25,2,1870.04
1749,9,42,2025-03-02,3,779.58
1750,19,21,2024-11-17,1,60.52
1751,16,24,2024-11-28,4,398.52
1752,20,47,2024-10-30,3,1136.55
1753,4,14,2024-10-16,5,4675.1
1754,16,38,2024-08-10,5,498.15
1755,8,59,2024-10-19,3,2231.61
1756,6,13,2024-06-18,5,2016.6
1757,14,49,2024-04-21,5,2761.45
1758,8,28,2025-02-26,2,1487.74
1759,10,55,2024-10-24,3,2140.77
1760,20,12,2024-07-09,2,757.7
1761,18,40,2024-05-22,5,1712.95
1762,7,3,2024-07-02,5,2444.05
1763,8,14,2024-08-20,2,1487.74
1764,7,41,2024-06-13,4,1955.24
1765,11,13,2024-06-20,2,1902.7
1766,1,17,2025-01-05,2,7000.0
1767,19,45,2024-09-22,4,242.08
1768,1,28,2024-12-23,4,14000.0
1769,8,38,2024-04-20,3,2231.61
1770,6,32,2024-12-02,5,2016.6
1771,11,30,2025-01-25,5,4756.75
1772,17,31,2024-03-15,1,279.28
1773,5,10,2024-09-15,1,165.48
1774,18,10,2025-02-06,4,1370.36
1775,10,5,2024-03-23,3,2140.77
1776,2,60,2024-09-06,5,1033.7
1777,20,7,2024-06-04,2,757.7
1778,5,33,2024-04-27,2,330.96
1779,20,12,2024-11-04,5,1894.25
1780,15,45,2024-11-01,2,1629.86
1781,16,33,2024-08-30,2,199.26
1782,2,1,2024-09-15,5,1033.7
1783,2,59,2024-08-28,1,206.74
1784,14,27,2025-02-28,4,2209.16
1785,15,25,2024-10-05,1,814.93
1786,8,9,2025-01-08,3,2231.61
1787,14,26,2024-12-15,5,2761.45
1788,20,34,2024-08-07,4,1515.4
1789,12,46,2024-06-26,5,1352.75
1790,1,32,2024-09-06,3,10500.0
1791,18,32,2024-07-10,3,1027.77
1792,3,4,2024-05-12,2,1660.32
1793,10,16,2024-10-08,4,2854.36
1794,10,2,2024-08-01,1,713.59
1795,8,9,2024-07-04,3,2231.61
1796,9,56,2024-06-10,3,779.58
1797,3,59,2024-11-19,3,2490.48
1798,10,54,2024-07-23,3,2140.77
1799,5,53,2024-07-18,4,661.92
1800,3,11,2024-12-14,2,1660.32
1801,1,31,2025-02-08,5,17500.0
1802,3,46,2024-05-15,4,3320.64
1803,1,50,2024-09-18,4,14000.0
1804,11,45,2024-07-10,3,2854.05
1805,19,48,2024-11-13,2,121.04
1806,20,30,2024-07-21,2,757.7
1807,1,17,2024-07-28,1,3500.0
1808,10,58,2024-11-22,4,2854.36
1809,17,22,2024-07-04,4,1117.12
1810,8,13,2024-06-28,2,1487.74
1811,4,19,2025-02-20,1,935.02
1812,13,51,2024-07-22,4,3448.04
1813,17,10,2024-09-09,1,279.28
1814,6,34,2024-11-03,4,1613.28
1815,6,53,2024-07-29,3,1209.96
1816,8,25,2024-09-04,2,1487.74
1817,7,56,2024-10-27,2,977.62
1818,15,26,2024-09-17,5,4074.65
1819,17,40,2024-08-08,4,1117.12
1820,12,24,2024-10-23,5,1352.75
1821,12,51,2024-04-27,3,811.65
1822,3,42,2024-10-09,3,2490.48
1823,9,7,2025-01-04,1,259.86
1824,18,41,2024-08-08,5,1712.95
1825,6,34,2024-03-22,5,2016.6
1826,19,56,2024-06-07,5,302.6
1827,4,43,2024-09-20,4,3740.08
1828,13,5,2024-09-10,3,2586.03
1829,11,52,2024-05-28,5,4756.75
1830,6,55,2024-09-14,4,1613.28
1831,4,35,2025-03-03,1,935.02
1832,3,37,2024-06-22,5,4150.8
1833,9,35,2024-07-10,5,1299.3
1834,11,22,2024-12-22,5,4756.75
1835,16,27,2024-10-03,5,498.15
1836,1,5,2024-07-30,4,14000.0
1837,8,57,2024-05-07,3,2231.61
1838,15,45,2024-05-24,5,4074.65
1839,8,36,2024-07-25,4,2975.48
1840,3,26,2024-06-06,3,2490.48
1841,6,31,2024-11-13,3,1209.96
1842,7,7,2024-05-09,2,977.62
1843,7,46,2024-05-29,5,2444.05
1844,14,42,2024-12-28,1,552.29
1845,4,13,2024-05-21,4,3740.08
1846,6,57,2024-06-29,3,1209.96
1847,3,40,2024-10-28,4,3320.64
1848,15,34,2024-03-24,4,3259.72
1849,19,1,2024-06-07,1,60.52
1850,17,9,2024-09-19,2,558.56
1851,9,46,2024-10-20,5,1299.3
1852,19,15,2024-08-11,5,302.6
1853,19,15,2024-12-18,4,242.08
1854,1,24,2024-08-26,2,7000.0
1855,7,36,2024-12-08,4,1955.24
1856,3,16,2024-12-02,1,830.16
1857,12,15,2024-05-21,4,1082.2
1858,17,13,2024-06-01,2,558.56
1859,10,11,2024-12-16,3,2140.77
1860,15,29,2025-01-21,2,1629.86
1861,12,48,2024-05-10,1,270.55
1862,5,56,2024-11-04,5,827.4
1863,7,33,2024-03-18,2,977.62
1864,18,43,2024-08-30,2,685.18
1865,7,8,2024-12-06,5,2444.05
1866,16,18,2024-03-27,5,498.15
1867,16,35,2025-01-08,4,398.52
1868,10,14,2024-11-12,3,2140.77
1869,2,17,2024-03-21,5,1033.7
1870,14,12,2024-09-08,5,2761.45
1871,3,30,2024-12-27,3,2490.48
1872,18,8,2024-10-24,3,1027.77
1873,2,29,2024-06-05,4,826.96
1874,20,2,2024-03-13,5,1894.25
1875,7,8,2024-04-18,2,977.62
1876,20,21,2024-12-20,1,378.85
1877,5,41,2024-07-28,3,496.44
1878,3,58,2025-03-06,4,3320.64
1879,6,18,2025-02-02,2,806.64
1880,3,33,2024-04-07,4,3320.64
1881,16,39,2024-03-30,2,199.26
1882,20,16,2024-06-29,2,757.7
1883,20,20,2024-03-25,4,1515.4
1884,15,33,2024-05-27,4,3259.72
1885,11,58,2024-12-10,1,951.35
1886,11,12,2024-09-24,2,1902.7
1887,3,24,2024-08-20,3,2490.48
1888,14,7,2024-04-02,4,2209.16
1889,18,26,2024-10-13,3,1027.77
1890,18,13,2024-12-11,1,342.59
1891,18,16,2024-10-24,4,1370.36
1892,16,28,2024-04-19,2,199.26
1893,9,40,2024-11-23,5,1299.3
1894,3,8,2024-05-09,2,1660.32
1895,13,21,2024-12-09,5,4310.05
1896,1,59,2024-09-21,2,7000.0
1897,11,11,2024-12-12,3,2854.05
1898,4,25,2024-06-28,3,2805.06
1899,6,12,2024-03-17,4,1613.28
1900,3,7,2024-08-21,3,2490.48
1901,2,30,2024-10-19,4,826.96
1902,19,30,2024-07-07,1,60.52
1903,14,5,2024-05-02,4,2209.16
1904,10,35,2024-12-12,2,1427.18
1905,9,52,2025-01-21,5,1299.3
1906,9,47,2024-05-25,2,519.72
1907,4,26,2024-10-13,1,935.02
1908,12,8,2024-05-12,1,270.55
1909,2,58,2024-04-23,3,620.22
1910,15,34,2024-10-25,2,1629.86
1911,9,34,2024-07-27,2,519.72
1912,13,15,2024-12-19,1,862.01
1913,14,13,2024-07-11,4,2209.16
1914,16,55,2024-04-29,3,298.89
1915,5,1,2024-03-29,4,661.92
1916,5,52,2024-09-15,2,330.96
1917,2,33,2024-08-09,1,206.74
1918,14,17,2024-07-03,3,1656.87
1919,11,6,2024-10-30,1,951.35
1920,5,50,2024-08-17,4,661.92
1921,9,29,2024-10-17,1,259.86
1922,13,1,2024-09-28,4,3448.04
1923,5,25,2025-02-04,3,496.44
1924,19,57,2024-06-17,5,302.6
1925,16,21,2024-11-28,5,498.15
1926,1,57,2024-09-06,3,10500.0
1927,19,24,2024-12-25,2,121.04
1928,1,27,2024-10-22,3,10500.0
1929,11,48,2024-07-01,5,4756.75
1930,18,38,2024-12-10,4,1370.36
1931,9,15,2024-08-15,1,259.86
1932,10,45,2025-01-20,2,1427.18
1933,15,23,2024-04-11,3,2444.79
1934,1,53,2024-06-16,3,10500.0
1935,9,8,2025-02-03,2,519.72
1936,16,12,2024-11-22,2,199.26
1937,11,23,2024-12-25,5,4756.75
1938,7,41,2024-03-27,3,1466.43
1939,15,14,2024-07-01,4,3259.72
1940,5,13,2024-10-02,1,165.48
1941,6,6,2024-04-15,3,1209.96
1942,8,58,2025-01-05,2,1487.74
1943,2,17,2024-06-25,1,206.74
1944,19,26,2025-02-09,5,302.6
1945,16,17,2024-04-22,1,99.63
1946,15,13,2024-07-11,1,814.93
1947,1,58,2024-09-09,2,7000.0
1948,9,37,2024-12-18,1,259.86
1949,11,42,2024-03-29,2,1902.7
1950,9,50,2024-12-10,2,519.72
1951,17,59,2024-04-12,3,837.84
1952,6,44,2025-01-15,3,1209.96
1953,11,49,2024-07-11,5,4756.75
1954,1,35,2024-05-18,3,10500.0
1955,3,50,2024-05-01,2,1660.32
1956,19,52,2024-07-09,5,302.6
1957,10,8,2024-12-22,3,2140.77
1958,6,49,2024-08-24,1,403.32
1959,9,2,2024-10-20,1,259.86
1960,19,45,2025-01-12,5,302.6
1961,5,33,2024-08-04,3,496.44
1962,10,3,2024-03-20,3,2140.77
1963,8,17,2025-03-05,3,2231.61
1964,13,52,2024-11-18,4,3448.04
1965,5,37,2024-04-12,1,165.48
1966,2,5,2024-12-05,1,206.74
1967,3,14,2024-08-21,1,830.16
1968,18,41,2024-12-29,3,1027.77
1969,12,38,2024-05-31,4,1082.2
1970,2,59,2024-10-28,2,413.48
1971,18,50,2025-01-09,3,1027.77
1972,15,37,2024-07-09,1,814.93
1973,12,27,2024-10-11,4,1082.2
1974,13,17,2025-02-01,4,3448.04
1975,19,26,2024-04-22,3,181.56
1976,15,16,2024-12-19,4,3259.72
1977,5,26,2024-08-11,1,165.48
1978,4,25,2024-07-05,3,2805.06
1979,12,17,2024-12-06,5,1352.75
1980,7,48,2025-02-07,2,977.62
1981,7,17,2025-03-10,3,1466.43
1982,1,39,2024-08-05,4,14000.0
1983,2,56,2024-03-24,5,1033.7
1984,1,37,2024-07-13,2,7000.0
1985,9,60,2024-03-29,5,1299.3
1986,6,22,2024-12-14,2,806.64
1987,15,51,2024-09-02,1,814.93
1988,18,25,2025-02-06,1,342.59
1989,6,51,2024-04-01,3,1209.96
1990,18,15,2024-10-31,1,342.59
1991,14,14,2024-06-12,3,1656.87
1992,13,45,2025-02-09,4,3448.04
1993,17,8,2024-04-12,4,1117.12
1994,10,15,2025-01-08,1,713.59
1995,11,19,2024-06-20,3,2854.05
1996,6,52,2024-10-04,2,806.64
1997,1,18,2024-11-25,4,14000.0
1998,19,6,2024-07-02,4,242.08
1999,18,24,2025-02-27,4,1370.36
2000,11,48,2024-06-07,2,1902.7
2001,18,18,2024-08-27,5,1712.95
2002,8,3,2025-01-11,3,2231.61
2003,15,24,2024-09-07,4,3259.72
2004,9,3,2024-05-01,4,1039.44
2005,17,20,2024-06-28,2,558.56
2006,7,27,2025-02-19,1,488.81
2007,6,37,2025-01-08,3,1209.96
2008,14,7,2024-10-12,1,552.29
2009,17,31,2024-06-29,2,558.56
2010,5,15,2024-12-18,5,827.4
2011,2,31,2024-08-30,2,413.48
2012,18,42,2024-08-07,1,342.59
2013,12,37,2024-12-07,1,270.55
2014,15,1,2024-11-21,5,4074.65
2015,7,41,2024-11-01,2,977.62
2016,5,1,2024-08-07,3,496.44
2017,1,18,2025-02-07,1,3500.0
2018,8,49,2024-03-12,4,2975.48
2019,3,53,2024-10-27,5,4150.8
2020,11,35,2024-03-27,1,951.35
2021,15,38,2024-10-04,3,2444.79
2022,16,19,2024-09-26,3,298.89
2023,4,33,2024-10-24,5,4675.1
2024,9,10,2024-07-04,4,1039.44
2025,9,29,2024-04-12,1,259.86
2026,4,47,2024-11-02,5,4675.1
2027,15,40,2024-10-31,5,4074.65
2028,18,1,2024-09-29,5,1712.95
2029,7,20,2024-09-27,4,1955.24
2030,18,9,2024-11-10,3,1027.77
2031,11,32,2025-03-07,3,2854.05
2032,17,22,2024-06-01,5,1396.4
2033,19,50,2024-12-21,2,121.04
2034,4,16,2024-05-30,5,4675.1
2035,8,19,2024-10-08,1,743.87
2036,12,18,2024-12-03,1,270.55
2037,2,16,2024-09-18,3,620.22
2038,4,35,2024-12-18,1,935.02
2039,6,4,2025-03-01,1,403.32
2040,20,3,2024-04-01,5,1894.25
2041,2,12,2024-03-21,1,206.74
2042,14,45,2024-09-23,4,2209.16
2043,1,38,2024-05-11,2,7000.0
2044,16,37,2024-04-15,2,199.26
2045,17,58,2025-01-15,5,1396.4
2046,10,43,2024-04-21,2,1427.18
2047,3,5,2024-12-15,1,830.16
2048,2,28,2025-01-24,1,206.74
2049,20,15,2024-07-09,2,757.7
2050,13,10,2025-02-25,5,4310.05
2051,15,21,2024-12-14,3,2444.79
2052,12,55,2024-09-06,4,1082.2
2053,16,3,2024-10-18,5,498.15
2054,2,18,2024-05-09,4,826.96
2055,1,36,2024-05-27,5,17500.0
2056,18,17,2024-11-02,3,1027.77
2057,3,29,2025-02-07,1,830.16
2058,14,40,2024-10-23,3,1656.87
2059,3,37,2024-11-16,4,3320.64
2060,9,49,2025-03-05,4,1039.44
2061,12,28,2024-04-16,2,541.1
2062,9,2,2024-04-04,2,519.72
2063,5,11,2025-02-16,2,330.96
2064,14,21,2024-11-10,2,1104.58
2065,19,2,2025-01-21,1,60.52
2066,17,18,2024-09-08,3,837.84
2067,9,41,2024-11-25,5,1299.3
2068,3,55,2024-10-14,5,4150.8
2069,5,29,2024-11-16,2,330.96
2070,3,47,2024-12-05,2,1660.32
2071,6,57,2024-08-02,3,1209.96
2072,13,9,2025-01-28,1,862.01
2073,20,13,2024-06-13,1,378.85
2074,16,41,2024-06-03,4,398.52
2075,16,8,2025-03-02,3,298.89
2076,6,21,2024-08-13,1,403.32
2077,15,46,2024-07-16,3,2444.79
2078,9,50,2024-09-05,3,779.58
2079,16,8,2024-07-27,3,298.89
2080,6,8,2025-02-27,1,403.32
2081,5,16,2024-06-02,5,827.4
2082,4,40,2024-08-19,2,1870.04
2083,13,6,2024-08-23,2,1724.02
2084,7,54,2024-07-29,2,977.62
2085,17,24,2024-12-23,2,558.56
2086,12,30,2025-02-22,2,541.1
2087,15,22,2025-02-14,2,1629.86
2088,15,51,2024-05-23,3,2444.79
2089,19,49,2024-05-07,2,121.04
2090,11,35,2024-08-21,4,3805.4
2091,15,25,2024-11-15,2,1629.86
2092,11,4,2024-04-28,3,2854.05
2093,14,21,2024-11-03,1,552.29
2094,14,37,2025-02-26,2,1104.58
2095,12,49,2024-12-17,3,811.65
2096,13,5,2024-06-06,1,862.01
2097,18,34,2024-05-31,2,685.18
2098,7,33,2024-03-28,4,1955.24
